{"cameraMode":{"drawMode":0,"name":"Shaded","section":"Shading Mode"},"sceneLighting":false,"audioPlay":false,"sceneViewState":{"showFog":true,"showMaterialUpdate":false,"showSkybox":false,"showFlares":true,"showImageEffects":true,"showParticleSystems":true},"in2DMode":false,"pivot":{"x":0.6025810241699219,"y":0.3335828185081482,"z":8.512353897094727},"rotation":{"x":0.20700231194496156,"y":0.05084934085607529,"z":-0.011595971882343293,"w":0.9771184921264648},"size":3.7348921298980715,"orthographic":false}