{"cameraMode":{"drawMode":0,"name":"Shaded","section":"Shading Mode"},"sceneLighting":false,"audioPlay":false,"sceneViewState":{"showFog":true,"showMaterialUpdate":false,"showSkybox":false,"showFlares":true,"showImageEffects":true,"showParticleSystems":true},"in2DMode":false,"pivot":{"x":-4.039968967437744,"y":2.1299455165863039,"z":1.5199999809265137},"rotation":{"x":0.2891746759414673,"y":-0.5528849363327026,"z":0.21143575012683869,"w":0.7525424361228943},"size":1.7790440320968629,"orthographic":false}