{"cameraMode":{"drawMode":0,"name":"Shaded","section":"Shading Mode"},"sceneLighting":false,"audioPlay":false,"sceneViewState":{"showFog":true,"showMaterialUpdate":false,"showSkybox":false,"showFlares":true,"showImageEffects":true,"showParticleSystems":true},"in2DMode":false,"pivot":{"x":-0.7383363842964172,"y":1.5002321004867554,"z":0.7438898682594299},"rotation":{"x":0.13272425532341004,"y":-0.8669697046279907,"z":0.3160308301448822,"w":0.36220407485961916},"size":1.8646444082260132,"orthographic":false}