{"cameraMode":{"drawMode":0,"name":"Shaded","section":"Shading Mode"},"sceneLighting":false,"audioPlay":false,"sceneViewState":{"showFog":true,"showMaterialUpdate":false,"showSkybox":false,"showFlares":true,"showImageEffects":true,"showParticleSystems":true},"in2DMode":false,"pivot":{"x":0.9800000190734863,"y":-0.030774477869272233,"z":3.240000009536743},"rotation":{"x":0.2891746759414673,"y":-0.5528849363327026,"z":0.21143575012683869,"w":0.7525424361228943},"size":1.9881070852279664,"orthographic":false}