{"cameraMode":{"drawMode":0,"name":"Shaded","section":"Shading Mode"},"sceneLighting":false,"audioPlay":false,"sceneViewState":{"showFog":true,"showMaterialUpdate":false,"showSkybox":false,"showFlares":true,"showImageEffects":true,"showParticleSystems":true},"in2DMode":false,"pivot":{"x":-23.5,"y":1.8750004768371583,"z":4.000000476837158},"rotation":{"x":0.14513269066810609,"y":-0.15266038477420808,"z":0.02204456552863121,"w":0.9774779677391052},"size":9.558542251586914,"orthographic":false}