{"cameraMode":{"drawMode":0,"name":"Shaded","section":"Shading Mode"},"sceneLighting":false,"audioPlay":false,"sceneViewState":{"showFog":true,"showMaterialUpdate":false,"showSkybox":false,"showFlares":true,"showImageEffects":true,"showParticleSystems":true},"in2DMode":false,"pivot":{"x":0.9500000476837158,"y":-0.005836878903210163,"z":-1.559999942779541},"rotation":{"x":0.2891746759414673,"y":-0.5528849363327026,"z":0.21143575012683869,"w":0.7525424361228943},"size":1.987877368927002,"orthographic":false}