{"cameraMode":{"drawMode":0,"name":"Shaded","section":"Shading Mode"},"sceneLighting":false,"audioPlay":false,"sceneViewState":{"showFog":true,"showMaterialUpdate":false,"showSkybox":false,"showFlares":true,"showImageEffects":true,"showParticleSystems":true},"in2DMode":false,"pivot":{"x":-29.49921226501465,"y":1.8750004768371583,"z":4.000000476837158},"rotation":{"x":0.1630745381116867,"y":-0.021145371720194818,"z":0.002921507926657796,"w":0.9865458011627197},"size":7.251327037811279,"orthographic":false}