{"cameraMode":{"drawMode":0,"name":"Shaded","section":"Shading Mode"},"sceneLighting":false,"audioPlay":false,"sceneViewState":{"showFog":true,"showMaterialUpdate":false,"showSkybox":false,"showFlares":true,"showImageEffects":true,"showParticleSystems":true},"in2DMode":false,"pivot":{"x":0.19312220811843873,"y":0.1252061277627945,"z":0.008979454636573792},"rotation":{"x":-0.3786463737487793,"y":-0.22002407908439637,"z":0.09452462196350098,"w":-0.8943269848823547},"size":0.8803160190582275,"orthographic":false}