{"cameraMode":{"drawMode":0,"name":"Shaded","section":"Shading Mode"},"sceneLighting":true,"audioPlay":false,"sceneViewState":{"showFog":true,"showMaterialUpdate":false,"showSkybox":false,"showFlares":true,"showImageEffects":true,"showParticleSystems":true},"in2DMode":false,"pivot":{"x":-24.5,"y":2.7226321697235109,"z":0.4598705768585205},"rotation":{"x":-0.3786463737487793,"y":-0.22002407908439637,"z":0.09452462196350098,"w":-0.8943269848823547},"size":10.715258598327637,"orthographic":false}