{"cameraMode":{"drawMode":0,"name":"Shaded","section":"Shading Mode"},"sceneLighting":true,"audioPlay":false,"sceneViewState":{"showFog":true,"showMaterialUpdate":false,"showSkybox":false,"showFlares":true,"showImageEffects":true,"showParticleSystems":true},"in2DMode":false,"pivot":{"x":-0.01600027084350586,"y":3.4911980628967287,"z":0.48399949073791506},"rotation":{"x":-0.3786463737487793,"y":-0.22002407908439637,"z":0.09452462196350098,"w":-0.8943269848823547},"size":6.185271739959717,"orthographic":false}