{"cameraMode":{"drawMode":0,"name":"Shaded","section":"Shading Mode"},"sceneLighting":false,"audioPlay":false,"sceneViewState":{"showFog":true,"showMaterialUpdate":false,"showSkybox":false,"showFlares":true,"showImageEffects":true,"showParticleSystems":true},"in2DMode":false,"pivot":{"x":15.225723266601563,"y":2.864920139312744,"z":2.467613935470581},"rotation":{"x":-0.08548685908317566,"y":0.08942753076553345,"z":-0.00647576292976737,"w":-0.9925686717033386},"size":1.971685528755188,"orthographic":false}