{"cameraMode":{"drawMode":0,"name":"Shaded","section":"Shading Mode"},"sceneLighting":false,"audioPlay":false,"sceneViewState":{"showFog":true,"showMaterialUpdate":false,"showSkybox":false,"showFlares":true,"showImageEffects":true,"showParticleSystems":true},"in2DMode":false,"pivot":{"x":0.7899999022483826,"y":0.06232672929763794,"z":4.590000152587891},"rotation":{"x":0.2891746759414673,"y":-0.5528849363327026,"z":0.21143575012683869,"w":0.7525424361228943},"size":1.2645244598388672,"orthographic":false}