{"cameraMode":{"drawMode":0,"name":"Shaded","section":"Shading Mode"},"sceneLighting":false,"audioPlay":false,"sceneViewState":{"showFog":true,"showMaterialUpdate":false,"showSkybox":false,"showFlares":true,"showImageEffects":true,"showParticleSystems":true},"in2DMode":false,"pivot":{"x":-2.724365711212158,"y":4.070467948913574,"z":6.529999732971191},"rotation":{"x":0.2891746759414673,"y":-0.5528849363327026,"z":0.21143575012683869,"w":0.7525424361228943},"size":1.7746580839157105,"orthographic":false}