{"cameraMode":{"drawMode":0,"name":"Shaded","section":"Shading Mode"},"sceneLighting":true,"audioPlay":false,"sceneViewState":{"showFog":true,"showMaterialUpdate":false,"showSkybox":false,"showFlares":true,"showImageEffects":true,"showParticleSystems":true},"in2DMode":false,"pivot":{"x":4.973999977111816,"y":5.2702741622924809,"z":0.48399949073791506},"rotation":{"x":-0.3786463737487793,"y":-0.22002407908439637,"z":0.09452462196350098,"w":-0.8943269848823547},"size":8.047932624816895,"orthographic":false}