{"cameraMode":{"drawMode":0,"name":"Shaded","section":"Shading Mode"},"sceneLighting":false,"audioPlay":false,"sceneViewState":{"showFog":true,"showMaterialUpdate":false,"showSkybox":false,"showFlares":true,"showImageEffects":true,"showParticleSystems":true},"in2DMode":false,"pivot":{"x":1.494014024734497,"y":1.5002319812774659,"z":-1.5217111110687256},"rotation":{"x":0.30294904112815859,"y":0.01808452233672142,"z":-0.006374122574925423,"w":0.9529800415039063},"size":2.6303510665893556,"orthographic":false}